[{"title_en":"The SNSF also funds indirect research costs of universities","title_de":"Der SNF finanziert auch indirekte Forschungskosten der Hochschulen","title_fr":"Le FNS finance également les coûts indirects de la recherche des hautes écoles","author":"Stéphanie Würth","datastory_category":"standard","publication_date":"2021-07-27 06:00:00","languages":"en;de;fr","short_desc_en":"Since 2009, the SNSF has financed a portion of the indirect research costs incurred by SNSF-funded projects at research institutions. In 2021, 102 million Swiss francs are available for these \"overhead\" costs.","short_desc_de":"Seit 2009 finanziert der SNF einen Teil jener Kosten, die durch von ihm bewilligte Projekte an den Forschungsinstitutionen ausgelöst werden. Für diese sogenannten Overhead-Beiträge stehen 2021 102 Millionen Franken zur Verfügung.","short_desc_fr":"Depuis 2009, le FNS finance une partie des coûts induits par les projets qu’il a approuvés dans les institutions de recherche. Ainsi, 102 millions de francs y sont affectés pour 2021, sous forme de subsides « overhead ».","tags":"T50T","author_url":"datastories@snf.ch;datastories@snf.ch","top_story":false,"github_url":"https://github.com/snsf-data/datastory_overhead_2021","doi":"10.46446/datastory.overhead-2021"}]
